domain_index,sequence,pred_mean,pred_std
570,AVHHSYSPRAGQR,1.0988219,0.018726936
467,AVDHSYSEIAGQR,1.059485,0.027082196
3428,GVDHSYSQRAGQR,1.0637338,0.04715388
495,AVDHSYSPSLGQR,1.0212288,0.015148562
9577,TVRSSYSQIGRQK,0.99205804,0.012641411
9484,TVRHSRSQIGWQK,1.0008131,0.022900501
9393,TVGSSRSQITRQK,0.96045244,0.020356067
8263,RVKRSKSKIGPQK,0.9272769,0.025425844
3476,GVGASNSQHSSGA,0.9263112,0.029621731
8234,RVGRSKSLRGPQK,0.9363355,0.03494782
9492,TVRPSRSGIGRQK,0.9133074,0.030858573
2996,FVGPSGSGHGGGR,0.9238508,0.012635481
499,AVDHSYSWRAWQR,0.9186008,0.026808485
589,AVQGSHSSHTGGR,0.92489856,0.01712083
462,AVDHSVSARAGQR,0.8506125,0.021433024
6967,PVRPSQSSQAGGR,0.8935905,0.018246684
471,AVDHSYSMRAGCR,0.88062865,0.027216775
476,AVDHSYSPEAVQR,0.9061664,0.028406553
272,APDHSYSPAAGQR,0.8770731,0.02663265
8494,RVRMSRSQIGRQK,0.85747457,0.026800308
9469,TVNISRSQIGRQK,0.83804107,0.03455978
11470,YVRGSYSSHLPGR,0.8970536,0.0147728985
9544,TVRSSRSQIHPQK,0.89318764,0.015896307
508,AVDVSYSRRAGQR,0.8762542,0.052049633
1719,DVRRSHSSHLPGR,0.87619597,0.011522409
507,AVDRSYSPRGGQR,0.8993635,0.028117118
11327,YVQGSASSHTSGR,0.89017826,0.021146875
11407,YVQGSYSSMTGGR,0.8850519,0.031181425
464,AVDHSWSPRAPQR,0.863833,0.019450774
1692,DVGASYSGQGGGR,0.8489008,0.02108108
7639,RAGPSKSQTGGGR,0.8319234,0.043735802
9583,TVRWSRSQIVRQK,0.8724621,0.014917192
11405,YVQGSTSSHPGGR,0.8736648,0.0149300825
11475,YVRPSHSSHLYGR,0.86859566,0.017467659
505,AVDNSYSPVAGQR,0.86696196,0.019836886
11282,YVDHSYSPWAGQR,0.88070047,0.020763343
1698,DVGPSTSGRGRGR,0.83958894,0.011277016
11343,YVQGSHSQWTGGR,0.8149581,0.03693857
1136,DAGPSFSGIGGGR,0.8595048,0.026931917
5,AADHSYSPRASQR,0.8596176,0.021164967
498,AVDHSYSTRNGQR,0.8646453,0.019428927
517,AVGFSNSGHSPGA,0.77004224,0.033111595
3889,HVRSSRSQIGIQK,0.82177806,0.027103838
9566,TVRSSRSQWLRQK,0.8373214,0.03212331
297,AQDHSYSHRAGQR,0.8272964,0.02933053
8257,RVKRSKSGRPPQK,0.8739282,0.017799668
3446,GVGASNSGHAPGA,0.853249,0.015394057
502,AVDMSYSPRAGGR,0.8315176,0.029799707
487,AVDHSYSPRALQK,0.8583619,0.03154771
8305,RVKRSYSKRGYQK,0.840458,0.021386424
461,AVDHSSSPRHGQR,0.81866425,0.02212707
593,AVQPSLSHSPSDK,0.8123634,0.04744802
9510,TVRSSRSQIARWK,0.8020367,0.023259567
11418,YVQRSHSSHTGSR,0.83199584,0.014949241
8252,RVKRSFSCRGPQK,0.85331154,0.030763911
11402,YVQGSNSTHTGGR,0.8104057,0.027328217
27,AAQGSLSLHPGGR,0.78607535,0.02407752
6961,PVRGSHSSHLPVR,0.7764941,0.028950518
3870,HVDHSYSPRAAQR,0.8182486,0.029079381
9478,TVRDSRSQIGRQG,0.81926465,0.04027566
8985,TAGPSKSGFGGGR,0.78749096,0.024687119
8300,RVKRSQSKRTPQK,0.7881143,0.01666026
8249,RVKLSKSKRAPQK,0.7968657,0.017593537
7799,RGGPSFSGQGGGR,0.78797674,0.019852089
11318,YVQDSHSDHTGGR,0.8012184,0.026473302
6984,PVRSSQSSIAQGR,0.8020984,0.022928583
7016,PVRSSTSSCAGGR,0.83658206,0.021857273
8240,RVHRSSSKRGPQK,0.8277956,0.029229732
7627,RAGPSKSGQGGQR,0.806315,0.019833257
173,AKDHSGSPRAGQR,0.81591296,0.034040634
11304,YVKRSKSKRCPQK,0.8110441,0.021980334
7010,PVRSSQSSTTGGR,0.79083246,0.021989975
1556,DTGPSTSGEGSGR,0.7596086,0.027324488
10801,YAQMSYSLHPGGR,0.8184775,0.0234108
9569,TVRSSRSRISRQK,0.7854484,0.028557872
2385,EVCRSKSKRGPQK,0.7935658,0.020684954
11351,YVQGSHSSGTGQR,0.7892714,0.02743676
2416,EVRFSTSQSAGQG,0.83466864,0.016792316
2943,FTGPSYSGHGGAR,0.7958659,0.03171404
11329,YVQGSDSSHTGFR,0.7782112,0.033025514
1686,DVGASSSSQAGGR,0.82201713,0.018176762
9270,TNRSSRSQIGRQR,0.7717009,0.01256838
10581,WVDASYSPRAGQR,0.8261813,0.030497847
5739,MVRGSTSGSAPQG,0.6949751,0.0447067
2925,FTGPSGSGIGGWR,0.7641115,0.027644312
8245,RVKGSKSKRGGQK,0.7913674,0.013057024
1495,DRGPSKSGQGGGR,0.77793074,0.011241835
3505,GVRASNSDHSPGA,0.7606772,0.027604165
1125,DAGHSFSIRGGGR,0.76315933,0.030314373
11445,YVRGSHSSHLPQG,0.7758765,0.024848145
7784,RFRRSKSKRGPQK,0.7650441,0.033964332
2935,FTGPSGSIHLGGR,0.8156372,0.018252768
3442,GVGASNSGASPGY,0.7541165,0.022295248
11412,YVQLSHSSHHGGR,0.77974486,0.025571981
11472,YVRLSHSWHLPGR,0.75688314,0.022611279
8259,RVKRSKSIRGCQK,0.79137254,0.024041444
