Variant,activity,iptm_alde1,iptm_scoop12,mutant
110A,0.32000000000000006,0.9,0.58,I110A
110C,0.32000000000000006,0.91,0.59,I110C
110D,0.33999999999999997,0.89,0.55,I110D
110E,0.39,0.9,0.51,I110E
110F,0.38,0.9,0.52,I110F
110G,0.32999999999999996,0.89,0.56,I110G
110H,0.33999999999999997,0.89,0.55,I110H
110K,0.36,0.88,0.52,I110K
110L,0.33000000000000007,0.91,0.58,I110L
110M,0.30000000000000004,0.89,0.59,I110M
110N,0.33999999999999997,0.9,0.56,I110N
110P,0.3400000000000001,0.91,0.57,I110P
110Q,0.31000000000000005,0.88,0.57,I110Q
110R,0.31000000000000005,0.9,0.59,I110R
110S,0.30000000000000004,0.89,0.59,I110S
110T,0.38,0.89,0.51,I110T
110V,0.35,0.9,0.55,I110V
110W,0.36,0.94,0.58,I110W
110Y,0.3400000000000001,0.92,0.58,I110Y
181H,0.33999999999999997,0.87,0.53,F181H
181M,0.2899999999999999,0.82,0.53,F181M
181N,0.2799999999999999,0.84,0.56,F181N
181Q,0.30999999999999994,0.86,0.55,F181Q
181W,0.31000000000000005,0.89,0.58,F181W
181Y,0.3600000000000001,0.93,0.57,F181Y
201A,0.30000000000000004,0.88,0.58,E201A
201C,0.4,0.9,0.5,E201C
201D,0.37,0.91,0.54,E201D
201F,0.36,0.89,0.53,E201F
201G,0.2899999999999999,0.85,0.56,E201G
201H,0.38,0.88,0.5,E201H
201I,0.30999999999999994,0.85,0.54,E201I
201L,0.2799999999999999,0.84,0.56,E201L
201M,0.32999999999999996,0.88,0.55,E201M
201N,0.12,0.91,0.79,E201N
201P,0.27,0.85,0.58,E201P
201Q,0.09000000000000008,0.91,0.82,E201Q
201R,0.32999999999999996,0.86,0.53,E201R
201S,0.36,0.9,0.54,E201S
201T,0.4,0.9,0.5,E201T
201V,0.35,0.84,0.49,E201V
201W,0.33999999999999997,0.88,0.54,E201W
201Y,0.29000000000000004,0.87,0.58,E201Y
273A,0.35,0.89,0.54,L273A
273C,0.32999999999999996,0.89,0.56,L273C
273D,0.29000000000000004,0.87,0.58,L273D
273E,0.31999999999999995,0.88,0.56,L273E
273F,0.33999999999999997,0.86,0.52,L273F
273G,0.31999999999999995,0.88,0.56,L273G
273H,0.36,0.88,0.52,L273H
273I,0.4,0.91,0.51,L273I
273K,0.33999999999999997,0.87,0.53,L273K
273M,0.35,0.91,0.56,L273M
273N,0.36,0.87,0.51,L273N
273P,0.32000000000000006,0.91,0.59,L273P
273Q,0.33999999999999997,0.88,0.54,L273Q
273R,0.32999999999999996,0.86,0.53,L273R
273S,0.37,0.89,0.52,L273S
273T,0.32999999999999996,0.88,0.55,L273T
273V,0.38,0.91,0.53,L273V
273W,0.35,0.89,0.54,L273W
273Y,0.4,0.9,0.5,L273Y
278A,0.33000000000000007,0.91,0.58,Q278A
278C,0.33999999999999997,0.9,0.56,Q278C
278D,0.38,0.89,0.51,Q278D
278E,0.39,0.88,0.49,Q278E
278F,0.3400000000000001,0.92,0.58,Q278F
278G,0.3500000000000001,0.92,0.57,Q278G
278H,0.38,0.9,0.52,Q278H
278I,0.37,0.93,0.56,Q278I
278K,0.39,0.9,0.51,Q278K
278L,0.4,0.91,0.51,Q278L
278M,0.37,0.91,0.54,Q278M
278N,0.33000000000000007,0.9,0.57,Q278N
278P,0.39,0.91,0.52,Q278P
278R,0.39,0.91,0.52,Q278R
278S,0.32000000000000006,0.89,0.57,Q278S
278T,0.3400000000000001,0.91,0.57,Q278T
278V,0.38,0.91,0.53,Q278V
278W,0.36,0.91,0.55,Q278W
278Y,0.32000000000000006,0.93,0.61,Q278Y
302A,0.36,0.87,0.51,N302A
302C,0.39,0.92,0.53,N302C
302D,0.4,0.91,0.51,N302D
302E,0.4,0.9,0.5,N302E
302F,0.30000000000000004,0.93,0.63,N302F
302G,0.42000000000000004,0.91,0.49,N302G
302H,0.38,0.91,0.53,N302H
302I,0.4,0.91,0.51,N302I
302K,0.36,0.9,0.54,N302K
302L,0.3400000000000001,0.93,0.59,N302L
302M,0.38,0.91,0.53,N302M
302P,0.36,0.86,0.5,N302P
302Q,0.3400000000000001,0.91,0.57,N302Q
302R,0.38,0.9,0.52,N302R
302S,0.4,0.91,0.51,N302S
302T,0.33000000000000007,0.9,0.57,N302T
302V,0.41000000000000003,0.91,0.5,N302V
302W,0.31000000000000005,0.9,0.59,N302W
302Y,0.39,0.92,0.53,N302Y
321A,0.3400000000000001,0.93,0.59,I321A
321C,0.39,0.9,0.51,I321C
321D,0.33999999999999997,0.9,0.56,I321D
321E,0.32999999999999996,0.87,0.54,I321E
321F,0.43000000000000005,0.93,0.5,I321F
321G,0.33000000000000007,0.93,0.6,I321G
321H,0.38,0.89,0.51,I321H
321L,0.30000000000000004,0.89,0.59,I321L
321M,0.29000000000000004,0.87,0.58,I321M
321N,0.33999999999999997,0.86,0.52,I321N
321P,0.39,0.91,0.52,I321P
321Q,0.29000000000000004,0.88,0.59,I321Q
321R,0.31999999999999995,0.87,0.55,I321R
321S,0.37,0.89,0.52,I321S
321T,0.30000000000000004,0.89,0.59,I321T
321V,0.33999999999999997,0.94,0.6,I321V
321W,0.4,0.93,0.53,I321W
321Y,0.41999999999999993,0.94,0.52,I321Y
326A,0.32999999999999996,0.89,0.56,E326A
326C,0.4,0.91,0.51,E326C
326D,0.28,0.91,0.63,E326D
326F,0.41000000000000003,0.92,0.51,E326F
326G,0.4,0.9,0.5,E326G
326H,0.38,0.92,0.54,E326H
326I,0.41000000000000003,0.92,0.51,E326I
326K,0.38,0.88,0.5,E326K
326L,0.36,0.9,0.54,E326L
326M,0.38,0.88,0.5,E326M
326N,0.4,0.9,0.5,E326N
326P,0.32999999999999996,0.87,0.54,E326P
326Q,0.42000000000000004,0.92,0.5,E326Q
326R,0.33999999999999997,0.89,0.55,E326R
326S,0.39,0.91,0.52,E326S
326T,0.3600000000000001,0.93,0.57,E326T
326V,0.33999999999999997,0.89,0.55,E326V
326W,0.38,0.89,0.51,E326W
326Y,0.3600000000000001,0.93,0.57,E326Y
61A,0.38,0.89,0.51,D61A
61C,0.31000000000000005,0.88,0.57,D61C
61E,0.37,0.9,0.53,D61E
61F,0.32000000000000006,0.9,0.58,D61F
61G,0.32000000000000006,0.9,0.58,D61G
61H,0.38,0.91,0.53,D61H
61I,0.36,0.88,0.52,D61I
61K,0.3400000000000001,0.92,0.58,D61K
61L,0.32000000000000006,0.9,0.58,D61L
61M,0.30000000000000004,0.9,0.6,D61M
61N,0.33999999999999997,0.9,0.56,D61N
61P,0.39,0.91,0.52,D61P
61Q,0.36,0.92,0.56,D61Q
61R,0.36,0.89,0.53,D61R
61S,0.36,0.88,0.52,D61S
61T,0.32999999999999996,0.89,0.56,D61T
61V,0.32000000000000006,0.9,0.58,D61V
61W,0.32000000000000006,0.9,0.58,D61W
61Y,0.32000000000000006,0.89,0.57,D61Y
WT,0.3400000000000001,0.93,0.59,WT
