mutant,iptm,ptm,ranking_score,fraction_disordered,has_clash
D61A,0.89,0.89,0.91,0.04,0.0
D61C,0.88,0.89,0.91,0.04,0.0
D61E,0.9,0.9,0.92,0.04,0.0
D61F,0.9,0.89,0.92,0.04,0.0
D61G,0.9,0.89,0.92,0.04,0.0
D61H,0.91,0.89,0.93,0.04,0.0
D61I,0.88,0.89,0.9,0.04,0.0
D61K,0.92,0.9,0.94,0.04,0.0
D61L,0.9,0.89,0.92,0.04,0.0
D61M,0.9,0.89,0.92,0.05,0.0
D61N,0.9,0.88,0.92,0.04,0.0
D61P,0.91,0.89,0.93,0.04,0.0
D61Q,0.92,0.9,0.94,0.04,0.0
D61R,0.89,0.89,0.91,0.05,0.0
D61S,0.88,0.89,0.91,0.04,0.0
D61T,0.89,0.89,0.91,0.04,0.0
D61V,0.9,0.89,0.92,0.04,0.0
D61W,0.9,0.89,0.92,0.04,0.0
D61Y,0.89,0.89,0.91,0.04,0.0
E201A,0.88,0.89,0.9,0.04,0.0
E201C,0.9,0.89,0.92,0.04,0.0
E201D,0.91,0.9,0.93,0.05,0.0
E201F,0.89,0.89,0.92,0.04,0.0
E201G,0.85,0.9,0.88,0.04,0.0
E201H,0.88,0.9,0.9,0.04,0.0
E201I,0.85,0.89,0.88,0.04,0.0
E201K,0.78,0.89,0.83,0.04,0.0
E201L,0.84,0.89,0.87,0.04,0.0
E201M,0.88,0.89,0.9,0.04,0.0
E201N,0.91,0.9,0.93,0.04,0.0
E201P,0.85,0.89,0.88,0.04,0.0
E201Q,0.91,0.89,0.93,0.04,0.0
E201R,0.86,0.89,0.89,0.04,0.0
E201S,0.9,0.89,0.92,0.04,0.0
E201T,0.9,0.89,0.92,0.04,0.0
E201V,0.84,0.89,0.88,0.04,0.0
E201W,0.88,0.89,0.91,0.05,0.0
E201Y,0.87,0.89,0.9,0.04,0.0
E326A,0.89,0.88,0.91,0.04,0.0
E326C,0.91,0.89,0.93,0.05,0.0
E326D,0.91,0.89,0.93,0.04,0.0
E326F,0.92,0.89,0.93,0.04,0.0
E326G,0.9,0.89,0.92,0.04,0.0
E326H,0.92,0.89,0.94,0.04,0.0
E326I,0.92,0.89,0.93,0.04,0.0
E326K,0.88,0.89,0.9,0.05,0.0
E326L,0.9,0.89,0.92,0.04,0.0
E326M,0.88,0.89,0.91,0.04,0.0
E326N,0.9,0.88,0.92,0.04,0.0
E326P,0.87,0.88,0.9,0.05,0.0
E326Q,0.92,0.89,0.94,0.04,0.0
E326R,0.89,0.89,0.91,0.05,0.0
E326S,0.91,0.89,0.93,0.05,0.0
E326T,0.93,0.89,0.94,0.04,0.0
E326V,0.89,0.89,0.92,0.05,0.0
E326W,0.89,0.88,0.91,0.04,0.0
E326Y,0.93,0.89,0.94,0.04,0.0
F181A,0.72,0.9,0.78,0.04,0.0
F181C,0.63,0.89,0.71,0.04,0.0
F181D,0.7,0.89,0.76,0.04,0.0
F181E,0.59,0.89,0.67,0.04,0.0
F181G,0.71,0.89,0.77,0.04,0.0
F181H,0.87,0.89,0.9,0.05,0.0
F181I,0.73,0.89,0.78,0.04,0.0
F181K,0.62,0.88,0.69,0.04,0.0
F181L,0.59,0.89,0.67,0.04,0.0
F181M,0.82,0.89,0.86,0.05,0.0
F181N,0.84,0.89,0.87,0.04,0.0
F181P,0.68,0.89,0.74,0.05,0.0
F181Q,0.86,0.89,0.89,0.05,0.0
F181R,0.62,0.88,0.69,0.04,0.0
F181S,0.72,0.89,0.78,0.05,0.0
F181T,0.74,0.89,0.79,0.04,0.0
F181V,0.64,0.89,0.71,0.04,0.0
F181W,0.89,0.89,0.91,0.04,0.0
F181Y,0.93,0.89,0.94,0.04,0.0
I110A,0.9,0.89,0.92,0.04,0.0
I110C,0.91,0.9,0.93,0.04,0.0
I110D,0.89,0.89,0.92,0.04,0.0
I110E,0.9,0.89,0.92,0.04,0.0
I110F,0.9,0.89,0.92,0.04,0.0
I110G,0.89,0.89,0.91,0.05,0.0
I110H,0.89,0.88,0.91,0.04,0.0
I110K,0.88,0.9,0.91,0.05,0.0
I110L,0.91,0.89,0.93,0.04,0.0
I110M,0.89,0.89,0.91,0.04,0.0
I110N,0.9,0.89,0.92,0.04,0.0
I110P,0.91,0.9,0.93,0.05,0.0
I110Q,0.88,0.89,0.91,0.05,0.0
I110R,0.9,0.89,0.92,0.04,0.0
I110S,0.89,0.89,0.91,0.04,0.0
I110T,0.89,0.89,0.91,0.05,0.0
I110V,0.9,0.9,0.92,0.05,0.0
I110W,0.94,0.9,0.95,0.04,0.0
I110Y,0.92,0.89,0.94,0.05,0.0
I321A,0.93,0.9,0.95,0.04,0.0
I321C,0.9,0.89,0.92,0.04,0.0
I321D,0.9,0.9,0.92,0.04,0.0
I321E,0.87,0.89,0.9,0.05,0.0
I321F,0.93,0.9,0.95,0.04,0.0
I321G,0.93,0.9,0.95,0.04,0.0
I321H,0.89,0.89,0.91,0.04,0.0
I321K,0.73,0.89,0.79,0.05,0.0
I321L,0.89,0.9,0.92,0.04,0.0
I321M,0.87,0.89,0.9,0.05,0.0
I321N,0.86,0.89,0.89,0.05,0.0
I321P,0.91,0.89,0.92,0.04,0.0
I321Q,0.88,0.89,0.9,0.04,0.0
I321R,0.87,0.89,0.89,0.04,0.0
I321S,0.89,0.9,0.91,0.04,0.0
I321T,0.89,0.9,0.92,0.05,0.0
I321V,0.94,0.9,0.95,0.04,0.0
I321W,0.93,0.89,0.94,0.04,0.0
I321Y,0.94,0.9,0.96,0.05,0.0
L273A,0.89,0.88,0.91,0.04,0.0
L273C,0.89,0.89,0.91,0.04,0.0
L273D,0.87,0.89,0.9,0.04,0.0
L273E,0.88,0.89,0.9,0.04,0.0
L273F,0.86,0.89,0.88,0.05,0.0
L273G,0.88,0.89,0.91,0.04,0.0
L273H,0.88,0.89,0.91,0.04,0.0
L273I,0.91,0.89,0.93,0.04,0.0
L273K,0.87,0.89,0.89,0.04,0.0
L273M,0.91,0.89,0.93,0.04,0.0
L273N,0.87,0.89,0.9,0.05,0.0
L273P,0.91,0.89,0.93,0.05,0.0
L273Q,0.88,0.89,0.91,0.05,0.0
L273R,0.86,0.89,0.89,0.04,0.0
L273S,0.89,0.89,0.91,0.04,0.0
L273T,0.88,0.89,0.91,0.04,0.0
L273V,0.91,0.89,0.93,0.04,0.0
L273W,0.89,0.88,0.91,0.04,0.0
L273Y,0.9,0.89,0.92,0.04,0.0
N302A,0.87,0.89,0.9,0.05,0.0
N302C,0.92,0.89,0.94,0.04,0.0
N302D,0.91,0.9,0.93,0.05,0.0
N302E,0.9,0.89,0.92,0.04,0.0
N302F,0.93,0.89,0.95,0.04,0.0
N302G,0.91,0.89,0.93,0.04,0.0
N302H,0.91,0.89,0.93,0.04,0.0
N302I,0.91,0.89,0.93,0.05,0.0
N302K,0.9,0.89,0.92,0.04,0.0
N302L,0.93,0.9,0.95,0.04,0.0
N302M,0.91,0.89,0.92,0.04,0.0
N302P,0.86,0.86,0.89,0.04,0.0
N302Q,0.91,0.9,0.93,0.05,0.0
N302R,0.9,0.89,0.92,0.04,0.0
N302S,0.91,0.89,0.92,0.04,0.0
N302T,0.9,0.89,0.92,0.05,0.0
N302V,0.91,0.89,0.93,0.04,0.0
N302W,0.9,0.88,0.92,0.04,0.0
N302Y,0.92,0.9,0.94,0.04,0.0
Q278A,0.91,0.9,0.93,0.04,0.0
Q278C,0.9,0.89,0.92,0.04,0.0
Q278D,0.89,0.89,0.91,0.04,0.0
Q278E,0.88,0.89,0.91,0.04,0.0
Q278F,0.92,0.89,0.94,0.04,0.0
Q278G,0.92,0.89,0.93,0.04,0.0
Q278H,0.9,0.89,0.92,0.04,0.0
Q278I,0.93,0.9,0.94,0.04,0.0
Q278K,0.9,0.9,0.92,0.04,0.0
Q278L,0.91,0.89,0.93,0.05,0.0
Q278M,0.91,0.89,0.93,0.04,0.0
Q278N,0.9,0.89,0.92,0.05,0.0
Q278P,0.91,0.88,0.93,0.04,0.0
Q278R,0.91,0.89,0.93,0.04,0.0
Q278S,0.89,0.89,0.91,0.05,0.0
Q278T,0.91,0.9,0.93,0.04,0.0
Q278V,0.91,0.89,0.93,0.05,0.0
Q278W,0.91,0.89,0.92,0.04,0.0
Q278Y,0.93,0.9,0.94,0.04,0.0
WT,0.93,0.9,0.94,0.04,0.0
